"Date","Price","Open","High","Low","Vol.","Change %"
"12/30/2022","0.1439","0.1434","0.1441","0.1431","","0.35%"
"12/29/2022","0.1434","0.1427","0.1438","0.1427","","0.49%"
"12/28/2022","0.1427","0.1431","0.1435","0.1426","","-0.28%"
"12/27/2022","0.1431","0.1430","0.1435","0.1427","","0.07%"
"12/26/2022","0.1430","0.1427","0.1431","0.1426","","0.21%"
"12/23/2022","0.1427","0.1425","0.1430","0.1424","","0.14%"
"12/22/2022","0.1425","0.1426","0.1433","0.1422","","-0.07%"
"12/21/2022","0.1426","0.1428","0.1431","0.1424","","-0.14%"
"12/20/2022","0.1428","0.1426","0.1433","0.1422","","0.14%"
"12/19/2022","0.1426","0.1424","0.1433","0.1421","","0.21%"
"12/16/2022","0.1423","0.1429","0.1434","0.1423","","-0.42%"
"12/15/2022","0.1429","0.1436","0.1443","0.1424","","-0.49%"
"12/14/2022","0.1436","0.1429","0.1438","0.1427","","0.49%"
"12/13/2022","0.1429","0.1417","0.1435","0.1415","","0.85%"
"12/12/2022","0.1417","0.1416","0.1423","0.1412","","0.07%"
"12/09/2022","0.1416","0.1419","0.1424","0.1412","","-0.21%"
"12/08/2022","0.1419","0.1412","0.1420","0.1410","","0.50%"
"12/07/2022","0.1412","0.1407","0.1418","0.1404","","0.36%"
"12/06/2022","0.1407","0.1411","0.1416","0.1406","","-0.28%"
"12/05/2022","0.1411","0.1417","0.1425","0.1409","","-0.42%"
"12/02/2022","0.1417","0.1415","0.1418","0.1402","","0.14%"
"12/01/2022","0.1415","0.1399","0.1417","0.1398","","1.14%"
"11/30/2022","0.1399","0.1389","0.1402","0.1383","","0.72%"
"11/29/2022","0.1389","0.1390","0.1398","0.1388","","-0.07%"
"11/28/2022","0.1390","0.1398","0.1411","0.1389","","-0.57%"
"11/25/2022","0.1398","0.1400","0.1402","0.1392","","-0.14%"
"11/24/2022","0.1400","0.1398","0.1405","0.1396","","0.14%"
"11/23/2022","0.1398","0.1385","0.1399","0.1384","","0.94%"
"11/22/2022","0.1385","0.1377","0.1386","0.1377","","0.58%"
"11/21/2022","0.1377","0.1388","0.1390","0.1374","","-0.79%"
"11/18/2022","0.1388","0.1393","0.1398","0.1387","","-0.36%"
"11/17/2022","0.1393","0.1398","0.1399","0.1385","","-0.29%"
"11/16/2022","0.1397","0.1391","0.1403","0.1389","","0.43%"
"11/15/2022","0.1391","0.1388","0.1409","0.1382","","0.22%"
"11/14/2022","0.1388","0.1392","0.1394","0.1381","","-0.29%"
"11/11/2022","0.1392","0.1372","0.1393","0.1366","","1.46%"
"11/10/2022","0.1372","0.1346","0.1374","0.1336","","1.93%"
"11/09/2022","0.1346","0.1354","0.1356","0.1343","","-0.59%"
"11/08/2022","0.1354","0.1347","0.1357","0.1341","","0.52%"
"11/07/2022","0.1347","0.1338","0.1349","0.1332","","0.67%"
"11/04/2022","0.1338","0.1310","0.1339","0.1309","","2.14%"
"11/03/2022","0.1310","0.1319","0.1322","0.1307","","-0.68%"
"11/02/2022","0.1319","0.1327","0.1340","0.1318","","-0.60%"
"11/01/2022","0.1327","0.1327","0.1337","0.1323","","0.00%"
"10/31/2022","0.1327","0.1338","0.1339","0.1326","","-0.90%"
"10/28/2022","0.1339","0.1339","0.1344","0.1334","","0.00%"
"10/27/2022","0.1339","0.1356","0.1357","0.1338","","-1.18%"
"10/26/2022","0.1355","0.1340","0.1356","0.1337","","1.12%"
"10/25/2022","0.1340","0.1328","0.1341","0.1324","","0.98%"
"10/24/2022","0.1327","0.1326","0.1331","0.1319","","0.08%"
"10/21/2022","0.1326","0.1316","0.1327","0.1305","","0.76%"
"10/20/2022","0.1316","0.1314","0.1324","0.1311","","0.15%"
"10/19/2022","0.1314","0.1326","0.1327","0.1312","","-0.83%"
"10/18/2022","0.1325","0.1323","0.1328","0.1319","","0.15%"
"10/17/2022","0.1323","0.1307","0.1325","0.1307","","1.22%"
"10/14/2022","0.1307","0.1315","0.1319","0.1305","","-0.61%"
"10/13/2022","0.1315","0.1304","0.1318","0.1295","","0.84%"
"10/12/2022","0.1304","0.1305","0.1309","0.1300","","-0.08%"
"10/11/2022","0.1305","0.1304","0.1314","0.1300","","0.08%"
"10/10/2022","0.1304","0.1310","0.1311","0.1302","","-0.38%"
"10/07/2022","0.1309","0.1316","0.1320","0.1308","","-0.53%"
"10/06/2022","0.1316","0.1329","0.1335","0.1316","","-0.98%"
"10/05/2022","0.1329","0.1343","0.1344","0.1322","","-1.04%"
"10/04/2022","0.1343","0.1321","0.1345","0.1319","","1.67%"
"10/03/2022","0.1321","0.1318","0.1324","0.1312","","0.23%"
"09/30/2022","0.1318","0.1320","0.1325","0.1309","","-0.15%"
"09/29/2022","0.1320","0.1309","0.1320","0.1296","","0.84%"
"09/28/2022","0.1309","0.1290","0.1311","0.1282","","1.47%"
"09/27/2022","0.1290","0.1292","0.1300","0.1287","","-0.15%"
"09/26/2022","0.1292","0.1300","0.1306","0.1285","","-0.84%"
"09/23/2022","0.1303","0.1323","0.1325","0.1300","","-1.51%"
"09/22/2022","0.1323","0.1323","0.1332","0.1319","","0.00%"
"09/21/2022","0.1323","0.1341","0.1341","0.1320","","-1.34%"
"09/20/2022","0.1341","0.1348","0.1352","0.1339","","-0.52%"
"09/19/2022","0.1348","0.1346","0.1349","0.1340","","0.07%"
"09/16/2022","0.1347","0.1345","0.1350","0.1337","","0.15%"
"09/15/2022","0.1345","0.1342","0.1347","0.1339","","0.22%"
"09/14/2022","0.1342","0.1340","0.1348","0.1339","","0.15%"
"09/13/2022","0.1340","0.1361","0.1370","0.1340","","-1.54%"
"09/12/2022","0.1361","0.1353","0.1371","0.1353","","0.74%"
"09/09/2022","0.1351","0.1344","0.1360","0.1344","","0.52%"
"09/08/2022","0.1344","0.1346","0.1349","0.1335","","-0.15%"
"09/07/2022","0.1346","0.1332","0.1346","0.1328","","1.05%"
"09/06/2022","0.1332","0.1335","0.1343","0.1327","","-0.22%"
"09/05/2022","0.1335","0.1338","0.1338","0.1328","","-0.30%"
"09/02/2022","0.1339","0.1337","0.1349","0.1337","","0.15%"
"09/01/2022","0.1337","0.1352","0.1352","0.1333","","-1.11%"
"08/31/2022","0.1352","0.1347","0.1355","0.1341","","0.45%"
"08/30/2022","0.1346","0.1344","0.1352","0.1342","","0.15%"
"08/29/2022","0.1344","0.1341","0.1348","0.1333","","0.30%"
"08/26/2022","0.1340","0.1341","0.1357","0.1337","","-0.07%"
"08/25/2022","0.1341","0.1340","0.1349","0.1338","","0.07%"
"08/24/2022","0.1340","0.1341","0.1345","0.1332","","0.00%"
"08/23/2022","0.1340","0.1337","0.1347","0.1331","","0.22%"
"08/22/2022","0.1337","0.1350","0.1351","0.1335","","-0.96%"
"08/19/2022","0.1350","0.1356","0.1357","0.1349","","-0.44%"
"08/18/2022","0.1356","0.1369","0.1371","0.1355","","-0.95%"
"08/17/2022","0.1369","0.1367","0.1372","0.1364","","0.07%"
"08/16/2022","0.1368","0.1366","0.1371","0.1361","","0.15%"
"08/15/2022","0.1366","0.1379","0.1381","0.1365","","-1.01%"
"08/12/2022","0.1380","0.1388","0.1388","0.1376","","-0.50%"
"08/11/2022","0.1387","0.1384","0.1393","0.1381","","0.22%"
"08/10/2022","0.1384","0.1373","0.1393","0.1371","","0.87%"
"08/09/2022","0.1372","0.1370","0.1377","0.1369","","0.15%"
"08/08/2022","0.1370","0.1368","0.1374","0.1365","","0.15%"
"08/05/2022","0.1368","0.1377","0.1377","0.1363","","-0.65%"
"08/04/2022","0.1377","0.1366","0.1378","0.1364","","0.81%"
"08/03/2022","0.1366","0.1366","0.1372","0.1360","","0.00%"
"08/02/2022","0.1366","0.1378","0.1383","0.1365","","-0.87%"
"08/01/2022","0.1378","0.1373","0.1380","0.1371","","0.29%"
"07/29/2022","0.1374","0.1370","0.1377","0.1363","","0.29%"
"07/28/2022","0.1370","0.1370","0.1375","0.1359","","0.00%"
"07/27/2022","0.1370","0.1359","0.1373","0.1356","","0.81%"
"07/26/2022","0.1359","0.1373","0.1377","0.1358","","-1.02%"
"07/25/2022","0.1373","0.1372","0.1378","0.1367","","0.07%"
"07/22/2022","0.1372","0.1374","0.1378","0.1361","","-0.15%"
"07/21/2022","0.1374","0.1368","0.1381","0.1364","","0.51%"
"07/20/2022","0.1367","0.1374","0.1380","0.1364","","-0.51%"
"07/19/2022","0.1374","0.1363","0.1379","0.1359","","0.88%"
"07/18/2022","0.1362","0.1355","0.1371","0.1354","","0.52%"
"07/15/2022","0.1355","0.1346","0.1357","0.1345","","0.67%"
"07/14/2022","0.1346","0.1352","0.1352","0.1337","","-0.37%"
"07/13/2022","0.1351","0.1349","0.1360","0.1344","","0.15%"
"07/12/2022","0.1349","0.1349","0.1354","0.1344","","-0.07%"
"07/11/2022","0.1350","0.1368","0.1368","0.1348","","-1.39%"
"07/08/2022","0.1369","0.1365","0.1370","0.1354","","0.29%"
"07/07/2022","0.1365","0.1368","0.1374","0.1363","","-0.22%"
"07/06/2022","0.1368","0.1380","0.1381","0.1365","","-0.87%"
"07/05/2022","0.1380","0.1401","0.1405","0.1376","","-1.50%"
"07/04/2022","0.1401","0.1402","0.1407","0.1400","","-0.07%"
"07/01/2022","0.1402","0.1410","0.1410","0.1393","","-0.50%"
"06/30/2022","0.1409","0.1403","0.1410","0.1396","","0.43%"
"06/29/2022","0.1403","0.1414","0.1416","0.1403","","-0.78%"
"06/28/2022","0.1414","0.1423","0.1426","0.1412","","-0.56%"
"06/27/2022","0.1422","0.1418","0.1427","0.1417","","0.28%"
"06/24/2022","0.1418","0.1415","0.1421","0.1413","","0.28%"
"06/23/2022","0.1414","0.1421","0.1423","0.1409","","-0.42%"
"06/22/2022","0.1420","0.1416","0.1426","0.1407","","0.28%"
"06/21/2022","0.1416","0.1413","0.1423","0.1413","","0.21%"
"06/20/2022","0.1413","0.1408","0.1418","0.1408","","0.14%"
"06/17/2022","0.1411","0.1418","0.1420","0.1404","","-0.49%"
"06/16/2022","0.1418","0.1404","0.1425","0.1396","","1.00%"
"06/15/2022","0.1404","0.1400","0.1412","0.1393","","0.29%"
"06/14/2022","0.1400","0.1399","0.1409","0.1398","","0.07%"
"06/13/2022","0.1399","0.1414","0.1414","0.1398","","-1.06%"
"06/10/2022","0.1414","0.1427","0.1431","0.1412","","-0.91%"
"06/09/2022","0.1427","0.1441","0.1448","0.1426","","-0.97%"
"06/08/2022","0.1441","0.1439","0.1445","0.1435","","0.14%"
"06/07/2022","0.1439","0.1438","0.1441","0.1432","","0.07%"
"06/06/2022","0.1438","0.1441","0.1445","0.1436","","-0.21%"
"06/03/2022","0.1441","0.1445","0.1447","0.1439","","-0.28%"
"06/02/2022","0.1445","0.1432","0.1445","0.1431","","0.91%"
"06/01/2022","0.1432","0.1443","0.1444","0.1428","","-0.76%"
"05/31/2022","0.1443","0.1449","0.1449","0.1435","","-0.41%"
"05/30/2022","0.1449","0.1443","0.1450","0.1442","","0.42%"
"05/27/2022","0.1443","0.1442","0.1447","0.1438","","0.07%"
"05/26/2022","0.1442","0.1436","0.1443","0.1433","","0.42%"
"05/25/2022","0.1436","0.1443","0.1444","0.1431","","-0.49%"
"05/24/2022","0.1443","0.1437","0.1445","0.1433","","0.42%"
"05/23/2022","0.1437","0.1419","0.1438","0.1419","","1.27%"
"05/20/2022","0.1419","0.1422","0.1424","0.1416","","-0.21%"
"05/19/2022","0.1422","0.1406","0.1425","0.1406","","1.14%"
"05/18/2022","0.1406","0.1418","0.1420","0.1406","","-0.85%"
"05/17/2022","0.1418","0.1402","0.1418","0.1401","","1.14%"
"05/16/2022","0.1402","0.1399","0.1403","0.1396","","0.21%"
"05/13/2022","0.1399","0.1395","0.1400","0.1391","","0.29%"
"05/12/2022","0.1395","0.1413","0.1416","0.1392","","-1.27%"
"05/11/2022","0.1413","0.1416","0.1422","0.1412","","-0.14%"
"05/10/2022","0.1415","0.1420","0.1423","0.1415","","-0.35%"
"05/09/2022","0.1420","0.1417","0.1424","0.1411","","0.14%"
"05/06/2022","0.1418","0.1417","0.1425","0.1409","","0.07%"
"05/05/2022","0.1417","0.1427","0.1430","0.1410","","-0.77%"
"05/04/2022","0.1428","0.1414","0.1429","0.1412","","0.99%"
"05/03/2022","0.1414","0.1412","0.1422","0.1410","","0.14%"
"05/02/2022","0.1412","0.1418","0.1420","0.1410","","-0.35%"
"04/29/2022","0.1417","0.1411","0.1424","0.1410","","0.43%"
"04/28/2022","0.1411","0.1419","0.1420","0.1407","","-0.56%"
"04/27/2022","0.1419","0.1429","0.1432","0.1413","","-0.77%"
"04/26/2022","0.1430","0.1440","0.1444","0.1429","","-0.69%"
"04/25/2022","0.1440","0.1453","0.1454","0.1438","","-0.83%"
"04/22/2022","0.1452","0.1456","0.1459","0.1448","","-0.27%"
"04/21/2022","0.1456","0.1459","0.1470","0.1455","","-0.21%"
"04/20/2022","0.1459","0.1450","0.1461","0.1450","","0.62%"
"04/19/2022","0.1450","0.1450","0.1453","0.1447","","0.07%"
"04/18/2022","0.1449","0.1453","0.1455","0.1448","","-0.28%"
"04/15/2022","0.1453","0.1456","0.1456","0.1452","","-0.21%"
"04/14/2022","0.1456","0.1464","0.1469","0.1446","","-0.55%"
"04/13/2022","0.1464","0.1456","0.1465","0.1453","","0.55%"
"04/12/2022","0.1456","0.1463","0.1466","0.1455","","-0.48%"
"04/11/2022","0.1463","0.1464","0.1470","0.1462","","0.07%"
"04/08/2022","0.1462","0.1463","0.1464","0.1457","","-0.07%"
"04/07/2022","0.1463","0.1465","0.1470","0.1461","","-0.14%"
"04/06/2022","0.1465","0.1466","0.1471","0.1462","","-0.07%"
"04/05/2022","0.1466","0.1475","0.1478","0.1465","","-0.61%"
"04/04/2022","0.1475","0.1485","0.1486","0.1473","","-0.67%"
"04/01/2022","0.1485","0.1488","0.1489","0.1482","","-0.20%"
"03/31/2022","0.1488","0.1500","0.1504","0.1487","","-0.80%"
"03/30/2022","0.1500","0.1490","0.1502","0.1490","","0.67%"
"03/29/2022","0.1490","0.1476","0.1497","0.1475","","0.88%"
"03/28/2022","0.1477","0.1477","0.1479","0.1471","","0.07%"
"03/25/2022","0.1476","0.1478","0.1484","0.1476","","-0.14%"
"03/24/2022","0.1478","0.1479","0.1481","0.1474","","-0.07%"
"03/23/2022","0.1479","0.1482","0.1485","0.1474","","-0.27%"
"03/22/2022","0.1483","0.1481","0.1485","0.1473","","0.20%"
"03/21/2022","0.1480","0.1485","0.1488","0.1479","","-0.34%"
"03/18/2022","0.1485","0.1490","0.1494","0.1479","","-0.34%"
"03/17/2022","0.1490","0.1483","0.1496","0.1479","","0.47%"
"03/16/2022","0.1483","0.1472","0.1484","0.1471","","0.75%"
"03/15/2022","0.1472","0.1470","0.1481","0.1469","","0.14%"
"03/14/2022","0.1470","0.1470","0.1478","0.1465","","0.20%"
"03/11/2022","0.1467","0.1477","0.1484","0.1465","","-0.61%"
"03/10/2022","0.1476","0.1488","0.1495","0.1475","","-0.81%"
"03/09/2022","0.1488","0.1464","0.1491","0.1463","","1.64%"
"03/08/2022","0.1464","0.1458","0.1472","0.1458","","0.41%"
"03/07/2022","0.1458","0.1470","0.1470","0.1452","","-0.82%"
"03/04/2022","0.1470","0.1488","0.1488","0.1463","","-1.14%"
"03/03/2022","0.1487","0.1495","0.1495","0.1483","","-0.54%"
"03/02/2022","0.1495","0.1496","0.1498","0.1486","","0.00%"
"03/01/2022","0.1495","0.1508","0.1510","0.1491","","-0.86%"
"02/28/2022","0.1508","0.1497","0.1512","0.1497","","-0.46%"
"02/25/2022","0.1515","0.1504","0.1515","0.1500","","0.73%"
"02/24/2022","0.1504","0.1520","0.1520","0.1492","","-0.99%"
"02/23/2022","0.1519","0.1523","0.1527","0.1519","","-0.20%"
"02/22/2022","0.1522","0.1520","0.1528","0.1517","","0.13%"
"02/21/2022","0.1520","0.1521","0.1531","0.1520","","-0.13%"
"02/18/2022","0.1522","0.1527","0.1530","0.1521","","-0.33%"
"02/17/2022","0.1527","0.1529","0.1531","0.1522","","-0.13%"
"02/16/2022","0.1529","0.1526","0.1532","0.1524","","0.20%"
"02/15/2022","0.1526","0.1519","0.1528","0.1519","","0.46%"
"02/14/2022","0.1519","0.1525","0.1528","0.1515","","-0.39%"
"02/11/2022","0.1525","0.1536","0.1537","0.1523","","-0.72%"
"02/10/2022","0.1536","0.1535","0.1545","0.1529","","0.07%"
"02/09/2022","0.1535","0.1534","0.1538","0.1532","","0.07%"
"02/08/2022","0.1534","0.1537","0.1538","0.1531","","-0.20%"
"02/07/2022","0.1537","0.1539","0.1540","0.1533","","-0.07%"
"02/04/2022","0.1538","0.1537","0.1543","0.1533","","0.07%"
"02/03/2022","0.1537","0.1520","0.1539","0.1515","","1.18%"
"02/02/2022","0.1519","0.1515","0.1523","0.1514","","0.26%"
"02/01/2022","0.1515","0.1510","0.1516","0.1508","","0.33%"
"01/31/2022","0.1510","0.1497","0.1512","0.1496","","0.80%"
"01/28/2022","0.1498","0.1497","0.1501","0.1494","","0.07%"
"01/27/2022","0.1497","0.1511","0.1511","0.1496","","-0.93%"
"01/26/2022","0.1511","0.1519","0.1520","0.1509","","-0.53%"
"01/25/2022","0.1519","0.1521","0.1522","0.1513","","-0.13%"
"01/24/2022","0.1521","0.1524","0.1524","0.1517","","-0.20%"
"01/21/2022","0.1524","0.1520","0.1526","0.1518","","0.26%"
"01/20/2022","0.1520","0.1524","0.1528","0.1518","","-0.26%"
"01/19/2022","0.1524","0.1522","0.1526","0.1521","","0.13%"
"01/18/2022","0.1522","0.1533","0.1535","0.1520","","-0.72%"
"01/17/2022","0.1533","0.1534","0.1537","0.1531","","-0.07%"
"01/14/2022","0.1534","0.1539","0.1543","0.1532","","-0.32%"
"01/13/2022","0.1539","0.1538","0.1543","0.1537","","0.13%"
"01/12/2022","0.1537","0.1528","0.1539","0.1526","","0.59%"
"01/11/2022","0.1528","0.1523","0.1529","0.1521","","0.39%"
"01/10/2022","0.1522","0.1526","0.1527","0.1517","","-0.33%"
"01/07/2022","0.1527","0.1519","0.1528","0.1518","","0.53%"
"01/06/2022","0.1519","0.1521","0.1523","0.1517","","-0.13%"
"01/05/2022","0.1521","0.1517","0.1525","0.1516","","0.26%"
"01/04/2022","0.1517","0.1519","0.1522","0.1515","","-0.13%"
"01/03/2022","0.1519","0.1529","0.1531","0.1516","","-0.65%"
"12/31/2021","0.1529","0.1523","0.1531","0.1520","","0.39%"
"12/30/2021","0.1523","0.1526","0.1528","0.1519","","-0.20%"
"12/29/2021","0.1526","0.1521","0.1529","0.1516","","0.33%"
"12/28/2021","0.1521","0.1523","0.1524","0.1518","","-0.13%"
"12/27/2021","0.1523","0.1523","0.1524","0.1520","","0.07%"
"12/24/2021","0.1522","0.1523","0.1525","0.1520","","-0.13%"
"12/23/2021","0.1524","0.1523","0.1525","0.1518","","0.07%"
"12/22/2021","0.1523","0.1518","0.1525","0.1515","","0.33%"
"12/21/2021","0.1518","0.1516","0.1520","0.1514","","0.13%"
"12/20/2021","0.1516","0.1511","0.1520","0.1511","","0.33%"
"12/17/2021","0.1511","0.1523","0.1526","0.1511","","-0.85%"
"12/16/2021","0.1524","0.1519","0.1528","0.1517","","0.33%"
"12/15/2021","0.1519","0.1514","0.1520","0.1509","","0.33%"
"12/14/2021","0.1514","0.1517","0.1523","0.1513","","-0.20%"
"12/13/2021","0.1517","0.1521","0.1523","0.1514","","-0.33%"
"12/10/2021","0.1522","0.1519","0.1523","0.1515","","0.20%"
"12/09/2021","0.1519","0.1525","0.1526","0.1517","","-0.39%"
"12/08/2021","0.1525","0.1515","0.1527","0.1515","","0.66%"
"12/07/2021","0.1515","0.1517","0.1520","0.1510","","-0.13%"
"12/06/2021","0.1517","0.1521","0.1522","0.1515","","-0.26%"
"12/03/2021","0.1521","0.1520","0.1524","0.1515","","0.13%"
"12/02/2021","0.1519","0.1523","0.1526","0.1519","","-0.20%"
"12/01/2021","0.1522","0.1525","0.1528","0.1520","","-0.20%"
"11/30/2021","0.1525","0.1519","0.1531","0.1511","","0.46%"
"11/29/2021","0.1518","0.1522","0.1522","0.1514","","-0.26%"
"11/26/2021","0.1522","0.1507","0.1524","0.1507","","1.00%"
"11/25/2021","0.1507","0.1506","0.1510","0.1506","","0.07%"
"11/24/2021","0.1506","0.1513","0.1514","0.1504","","-0.46%"
"11/23/2021","0.1513","0.1511","0.1516","0.1509","","0.13%"
"11/22/2021","0.1511","0.1517","0.1519","0.1510","","-0.40%"
"11/19/2021","0.1517","0.1529","0.1530","0.1513","","-0.78%"
"11/18/2021","0.1529","0.1522","0.1530","0.1521","","0.46%"
"11/17/2021","0.1522","0.1522","0.1524","0.1514","","0.00%"
"11/16/2021","0.1522","0.1529","0.1531","0.1521","","-0.46%"
"11/15/2021","0.1529","0.1539","0.1541","0.1527","","-0.59%"
"11/12/2021","0.1538","0.1540","0.1541","0.1537","","-0.13%"
"11/11/2021","0.1540","0.1543","0.1545","0.1539","","-0.19%"
"11/10/2021","0.1543","0.1559","0.1559","0.1543","","-1.03%"
"11/09/2021","0.1559","0.1558","0.1561","0.1556","","0.06%"
"11/08/2021","0.1558","0.1555","0.1559","0.1553","","0.19%"
"11/05/2021","0.1555","0.1553","0.1556","0.1548","","0.13%"
"11/04/2021","0.1553","0.1561","0.1562","0.1550","","-0.51%"
"11/03/2021","0.1561","0.1557","0.1562","0.1555","","0.32%"
"11/02/2021","0.1556","0.1560","0.1561","0.1556","","-0.26%"
"11/01/2021","0.1560","0.1554","0.1561","0.1552","","0.39%"
"10/29/2021","0.1554","0.1570","0.1572","0.1550","","-1.02%"
"10/28/2021","0.1570","0.1560","0.1572","0.1557","","0.64%"
"10/27/2021","0.1560","0.1559","0.1563","0.1557","","0.06%"
"10/26/2021","0.1559","0.1560","0.1563","0.1557","","-0.06%"
"10/25/2021","0.1560","0.1565","0.1568","0.1558","","-0.32%"
"10/22/2021","0.1565","0.1562","0.1567","0.1562","","0.19%"
"10/21/2021","0.1562","0.1566","0.1568","0.1561","","-0.26%"
"10/20/2021","0.1566","0.1564","0.1567","0.1561","","0.19%"
"10/19/2021","0.1563","0.1560","0.1568","0.1560","","0.19%"
"10/18/2021","0.1560","0.1559","0.1562","0.1555","","0.06%"
"10/15/2021","0.1559","0.1559","0.1562","0.1557","","0.06%"
"10/14/2021","0.1558","0.1558","0.1563","0.1557","","0.00%"
"10/13/2021","0.1558","0.1549","0.1559","0.1549","","0.58%"
"10/12/2021","0.1549","0.1553","0.1555","0.1549","","-0.26%"
"10/11/2021","0.1553","0.1556","0.1557","0.1552","","-0.13%"
"10/08/2021","0.1555","0.1552","0.1557","0.1551","","0.19%"
"10/07/2021","0.1552","0.1553","0.1556","0.1552","","-0.06%"
"10/06/2021","0.1553","0.1559","0.1560","0.1549","","-0.38%"
"10/05/2021","0.1559","0.1563","0.1563","0.1557","","-0.19%"
"10/04/2021","0.1562","0.1559","0.1565","0.1558","","0.19%"
"10/01/2021","0.1559","0.1557","0.1561","0.1555","","0.13%"
"09/30/2021","0.1557","0.1559","0.1561","0.1555","","-0.13%"
"09/29/2021","0.1559","0.1571","0.1572","0.1558","","-0.76%"
"09/28/2021","0.1571","0.1573","0.1574","0.1569","","-0.13%"
"09/27/2021","0.1573","0.1576","0.1577","0.1571","","-0.19%"
"09/24/2021","0.1576","0.1578","0.1580","0.1574","","-0.13%"
"09/23/2021","0.1578","0.1572","0.1580","0.1571","","0.38%"
"09/22/2021","0.1572","0.1577","0.1581","0.1571","","-0.32%"
"09/21/2021","0.1577","0.1577","0.1580","0.1575","","0.00%"
"09/20/2021","0.1577","0.1577","0.1578","0.1573","","0.06%"
"09/17/2021","0.1576","0.1582","0.1585","0.1576","","-0.38%"
"09/16/2021","0.1582","0.1589","0.1590","0.1580","","-0.44%"
"09/15/2021","0.1589","0.1588","0.1591","0.1587","","0.13%"
"09/14/2021","0.1587","0.1588","0.1593","0.1587","","-0.06%"
"09/13/2021","0.1588","0.1588","0.1589","0.1583","","0.00%"
"09/10/2021","0.1588","0.1590","0.1594","0.1588","","-0.13%"
"09/09/2021","0.1590","0.1589","0.1593","0.1587","","0.06%"
"09/08/2021","0.1589","0.1593","0.1594","0.1587","","-0.19%"
"09/07/2021","0.1592","0.1596","0.1599","0.1592","","-0.25%"
"09/06/2021","0.1596","0.1597","0.1599","0.1594","","-0.06%"
"09/03/2021","0.1597","0.1597","0.1602","0.1595","","0.00%"
"09/02/2021","0.1597","0.1592","0.1597","0.1591","","0.31%"
"09/01/2021","0.1592","0.1588","0.1594","0.1586","","0.25%"
"08/31/2021","0.1588","0.1586","0.1593","0.1586","","0.13%"
"08/30/2021","0.1586","0.1586","0.1588","0.1585","","0.00%"
"08/27/2021","0.1586","0.1580","0.1587","0.1578","","0.38%"
"08/26/2021","0.1580","0.1583","0.1584","0.1579","","-0.19%"
"08/25/2021","0.1583","0.1581","0.1584","0.1576","","0.13%"
"08/24/2021","0.1581","0.1579","0.1582","0.1577","","0.13%"
"08/23/2021","0.1579","0.1573","0.1580","0.1572","","0.38%"
"08/20/2021","0.1573","0.1570","0.1574","0.1568","","0.19%"
"08/19/2021","0.1570","0.1575","0.1576","0.1568","","-0.25%"
"08/18/2021","0.1574","0.1575","0.1579","0.1573","","0.00%"
"08/17/2021","0.1574","0.1584","0.1585","0.1574","","-0.57%"
"08/16/2021","0.1583","0.1586","0.1587","0.1582","","-0.19%"
"08/13/2021","0.1586","0.1577","0.1587","0.1577","","0.57%"
"08/12/2021","0.1577","0.1578","0.1580","0.1576","","-0.06%"
"08/11/2021","0.1578","0.1576","0.1581","0.1574","","0.13%"
"08/10/2021","0.1576","0.1578","0.1579","0.1575","","-0.13%"
"08/09/2021","0.1578","0.1582","0.1583","0.1578","","-0.19%"
"08/06/2021","0.1581","0.1591","0.1592","0.1581","","-0.63%"
"08/05/2021","0.1591","0.1592","0.1594","0.1591","","-0.06%"
"08/04/2021","0.1592","0.1595","0.1600","0.1591","","-0.19%"
"08/03/2021","0.1595","0.1595","0.1599","0.1593","","-0.06%"
"08/02/2021","0.1596","0.1595","0.1600","0.1594","","0.00%"
"07/30/2021","0.1596","0.1599","0.1601","0.1593","","-0.13%"
"07/29/2021","0.1598","0.1593","0.1599","0.1592","","0.38%"
"07/28/2021","0.1592","0.1589","0.1593","0.1583","","0.25%"
"07/27/2021","0.1588","0.1587","0.1592","0.1583","","0.06%"
"07/26/2021","0.1587","0.1583","0.1589","0.1582","","0.25%"
"07/23/2021","0.1583","0.1582","0.1585","0.1580","","0.06%"
"07/22/2021","0.1582","0.1585","0.1591","0.1581","","-0.25%"
"07/21/2021","0.1586","0.1584","0.1587","0.1580","","0.13%"
"07/20/2021","0.1584","0.1586","0.1587","0.1580","","-0.13%"
"07/19/2021","0.1586","0.1587","0.1590","0.1582","","-0.06%"
"07/16/2021","0.1587","0.1588","0.1590","0.1585","","-0.06%"
"07/15/2021","0.1588","0.1592","0.1593","0.1586","","-0.19%"
"07/14/2021","0.1591","0.1584","0.1592","0.1583","","0.51%"
"07/13/2021","0.1583","0.1594","0.1597","0.1583","","-0.69%"
"07/12/2021","0.1594","0.1597","0.1597","0.1591","","-0.19%"
"07/09/2021","0.1597","0.1593","0.1597","0.1590","","0.31%"
"07/08/2021","0.1592","0.1586","0.1596","0.1585","","0.38%"
"07/07/2021","0.1586","0.1590","0.1592","0.1584","","-0.25%"
"07/06/2021","0.1590","0.1595","0.1600","0.1588","","-0.31%"
"07/05/2021","0.1595","0.1595","0.1598","0.1593","","0.00%"
"07/02/2021","0.1595","0.1593","0.1597","0.1588","","0.13%"
"07/01/2021","0.1593","0.1594","0.1598","0.1592","","-0.06%"
"06/30/2021","0.1594","0.1600","0.1602","0.1593","","-0.37%"
"06/29/2021","0.1600","0.1604","0.1604","0.1597","","-0.19%"
"06/28/2021","0.1603","0.1605","0.1606","0.1601","","-0.12%"
"06/25/2021","0.1605","0.1605","0.1611","0.1604","","0.06%"
"06/24/2021","0.1604","0.1604","0.1608","0.1603","","0.00%"
"06/23/2021","0.1604","0.1605","0.1610","0.1602","","-0.06%"
"06/22/2021","0.1605","0.1603","0.1608","0.1598","","0.19%"
"06/21/2021","0.1602","0.1595","0.1603","0.1593","","0.44%"
"06/18/2021","0.1595","0.1601","0.1604","0.1593","","-0.37%"
"06/17/2021","0.1601","0.1613","0.1614","0.1599","","-0.74%"
"06/16/2021","0.1613","0.1630","0.1632","0.1613","","-1.04%"
"06/15/2021","0.1630","0.1630","0.1634","0.1627","","0.00%"
"06/14/2021","0.1630","0.1629","0.1631","0.1626","","0.12%"
"06/11/2021","0.1628","0.1637","0.1640","0.1626","","-0.55%"
"06/10/2021","0.1637","0.1638","0.1640","0.1633","","-0.06%"
"06/09/2021","0.1638","0.1637","0.1643","0.1637","","0.06%"
"06/08/2021","0.1637","0.1639","0.1640","0.1636","","-0.12%"
"06/07/2021","0.1639","0.1636","0.1641","0.1633","","0.18%"
"06/04/2021","0.1636","0.1630","0.1638","0.1628","","0.37%"
"06/03/2021","0.1630","0.1642","0.1643","0.1629","","-0.73%"
"06/02/2021","0.1642","0.1643","0.1644","0.1636","","0.00%"
"06/01/2021","0.1642","0.1644","0.1648","0.1642","","-0.12%"
"05/31/2021","0.1644","0.1639","0.1645","0.1638","","0.31%"
"05/28/2021","0.1639","0.1640","0.1641","0.1631","","-0.06%"
"05/27/2021","0.1640","0.1640","0.1643","0.1637","","0.00%"
"05/26/2021","0.1640","0.1647","0.1649","0.1638","","-0.43%"
"05/25/2021","0.1647","0.1643","0.1650","0.1642","","0.24%"
"05/24/2021","0.1643","0.1638","0.1645","0.1637","","0.31%"
"05/21/2021","0.1638","0.1645","0.1646","0.1635","","-0.36%"
"05/20/2021","0.1644","0.1637","0.1645","0.1637","","0.43%"
"05/19/2021","0.1637","0.1644","0.1647","0.1635","","-0.43%"
"05/18/2021","0.1644","0.1634","0.1645","0.1634","","0.61%"
"05/17/2021","0.1634","0.1633","0.1637","0.1630","","0.06%"
"05/14/2021","0.1633","0.1624","0.1634","0.1623","","0.55%"
"05/13/2021","0.1624","0.1623","0.1628","0.1620","","0.00%"
"05/12/2021","0.1624","0.1634","0.1634","0.1622","","-0.61%"
"05/11/2021","0.1634","0.1631","0.1638","0.1630","","0.18%"
"05/10/2021","0.1631","0.1636","0.1638","0.1631","","-0.24%"
"05/07/2021","0.1635","0.1623","0.1637","0.1621","","0.80%"
"05/06/2021","0.1622","0.1614","0.1623","0.1613","","0.50%"
"05/05/2021","0.1614","0.1616","0.1618","0.1612","","-0.06%"
"05/04/2021","0.1615","0.1622","0.1622","0.1613","","-0.43%"
"05/03/2021","0.1622","0.1616","0.1624","0.1616","","0.37%"
"04/30/2021","0.1616","0.1630","0.1631","0.1616","","-0.86%"
"04/29/2021","0.1630","0.1630","0.1634","0.1628","","-0.06%"
"04/28/2021","0.1631","0.1626","0.1632","0.1621","","0.31%"
"04/27/2021","0.1626","0.1626","0.1627","0.1621","","0.06%"
"04/26/2021","0.1625","0.1627","0.1629","0.1622","","-0.06%"
"04/23/2021","0.1626","0.1616","0.1628","0.1615","","0.62%"
"04/22/2021","0.1616","0.1619","0.1623","0.1613","","-0.12%"
"04/21/2021","0.1618","0.1619","0.1620","0.1613","","-0.06%"
"04/20/2021","0.1619","0.1619","0.1625","0.1617","","0.06%"
"04/19/2021","0.1618","0.1611","0.1620","0.1606","","0.43%"
"04/16/2021","0.1611","0.1609","0.1613","0.1607","","0.12%"
"04/15/2021","0.1609","0.1611","0.1613","0.1608","","-0.06%"
"04/14/2021","0.1610","0.1606","0.1612","0.1606","","0.25%"
"04/13/2021","0.1606","0.1602","0.1608","0.1597","","0.31%"
"04/12/2021","0.1601","0.1600","0.1603","0.1596","","0.06%"
"04/09/2021","0.1600","0.1602","0.1603","0.1596","","-0.12%"
"04/08/2021","0.1602","0.1596","0.1604","0.1594","","0.38%"
"04/07/2021","0.1596","0.1597","0.1602","0.1594","","-0.06%"
"04/06/2021","0.1597","0.1588","0.1597","0.1585","","0.57%"
"04/05/2021","0.1588","0.1581","0.1589","0.1578","","0.44%"
"04/02/2021","0.1581","0.1584","0.1585","0.1579","","-0.13%"
"04/01/2021","0.1583","0.1577","0.1584","0.1575","","0.38%"
"03/31/2021","0.1577","0.1576","0.1581","0.1574","","0.13%"
"03/30/2021","0.1575","0.1582","0.1584","0.1575","","-0.44%"
"03/29/2021","0.1582","0.1586","0.1586","0.1582","","-0.25%"
"03/26/2021","0.1586","0.1582","0.1587","0.1582","","0.25%"
"03/25/2021","0.1582","0.1589","0.1591","0.1582","","-0.44%"
"03/24/2021","0.1589","0.1593","0.1594","0.1588","","-0.25%"
"03/23/2021","0.1593","0.1605","0.1606","0.1593","","-0.75%"
"03/22/2021","0.1605","0.1601","0.1607","0.1596","","0.25%"
"03/19/2021","0.1601","0.1602","0.1605","0.1597","","-0.06%"
"03/18/2021","0.1602","0.1611","0.1612","0.1601","","-0.56%"
"03/17/2021","0.1611","0.1601","0.1612","0.1599","","0.62%"
"03/16/2021","0.1601","0.1604","0.1608","0.1598","","-0.19%"
"03/15/2021","0.1604","0.1607","0.1609","0.1602","","-0.19%"
"03/12/2021","0.1607","0.1612","0.1612","0.1602","","-0.31%"
"03/11/2021","0.1612","0.1604","0.1612","0.1602","","0.50%"
"03/10/2021","0.1604","0.1600","0.1604","0.1596","","0.25%"
"03/09/2021","0.1600","0.1593","0.1602","0.1592","","0.44%"
"03/08/2021","0.1593","0.1602","0.1605","0.1593","","-0.56%"
"03/05/2021","0.1602","0.1610","0.1611","0.1599","","-0.50%"
"03/04/2021","0.1610","0.1622","0.1623","0.1609","","-0.74%"
"03/03/2021","0.1622","0.1626","0.1629","0.1620","","-0.25%"
"03/02/2021","0.1626","0.1620","0.1627","0.1612","","0.37%"
"03/01/2021","0.1620","0.1623","0.1628","0.1618","","-0.18%"
"02/26/2021","0.1623","0.1637","0.1638","0.1622","","-0.86%"
"02/25/2021","0.1637","0.1637","0.1646","0.1635","","0.06%"
"02/24/2021","0.1636","0.1634","0.1637","0.1628","","0.12%"
"02/23/2021","0.1634","0.1635","0.1638","0.1632","","0.00%"
"02/22/2021","0.1634","0.1630","0.1637","0.1626","","0.31%"
"02/19/2021","0.1629","0.1626","0.1633","0.1625","","0.18%"
"02/18/2021","0.1626","0.1619","0.1627","0.1618","","0.43%"
"02/17/2021","0.1619","0.1628","0.1629","0.1617","","-0.55%"
"02/16/2021","0.1628","0.1631","0.1637","0.1626","","-0.18%"
"02/15/2021","0.1631","0.1630","0.1633","0.1629","","0.12%"
"02/12/2021","0.1629","0.1631","0.1632","0.1625","","-0.12%"
"02/11/2021","0.1631","0.1629","0.1634","0.1629","","0.12%"
"02/10/2021","0.1629","0.1629","0.1633","0.1628","","0.00%"
"02/09/2021","0.1629","0.1620","0.1630","0.1620","","0.56%"
"02/08/2021","0.1620","0.1620","0.1622","0.1616","","0.00%"
"02/05/2021","0.1620","0.1609","0.1621","0.1607","","0.75%"
"02/04/2021","0.1608","0.1618","0.1619","0.1608","","-0.62%"
"02/03/2021","0.1618","0.1619","0.1620","0.1614","","-0.06%"
"02/02/2021","0.1619","0.1621","0.1626","0.1615","","-0.12%"
"02/01/2021","0.1621","0.1632","0.1633","0.1621","","-0.67%"
"01/29/2021","0.1632","0.1630","0.1635","0.1626","","0.12%"
"01/28/2021","0.1630","0.1628","0.1633","0.1624","","0.12%"
"01/27/2021","0.1628","0.1635","0.1636","0.1621","","-0.37%"
"01/26/2021","0.1634","0.1632","0.1637","0.1627","","0.12%"
"01/25/2021","0.1632","0.1636","0.1638","0.1629","","-0.24%"
"01/22/2021","0.1636","0.1636","0.1638","0.1633","","0.06%"
"01/21/2021","0.1635","0.1628","0.1636","0.1627","","0.49%"
"01/20/2021","0.1627","0.1630","0.1635","0.1623","","-0.18%"
"01/19/2021","0.1630","0.1623","0.1633","0.1623","","0.43%"
"01/18/2021","0.1623","0.1624","0.1625","0.1620","","-0.06%"
"01/15/2021","0.1624","0.1634","0.1635","0.1623","","-0.61%"
"01/14/2021","0.1634","0.1634","0.1637","0.1628","","0.00%"
"01/13/2021","0.1634","0.1641","0.1644","0.1632","","-0.43%"
"01/12/2021","0.1641","0.1634","0.1641","0.1631","","0.49%"
"01/11/2021","0.1633","0.1643","0.1644","0.1631","","-0.61%"
"01/08/2021","0.1643","0.1649","0.1652","0.1639","","-0.42%"
"01/07/2021","0.1650","0.1657","0.1660","0.1646","","-0.42%"
"01/06/2021","0.1657","0.1653","0.1661","0.1649","","0.24%"
"01/05/2021","0.1653","0.1646","0.1654","0.1646","","0.43%"
"01/04/2021","0.1646","0.1642","0.1655","0.1641","","0.30%"
"01/01/2021","0.1641","0.1641","0.1642","0.1641","","0.00%"
"12/31/2020","0.1641","0.1653","0.1655","0.1640","","-0.73%"
"12/30/2020","0.1653","0.1647","0.1655","0.1646","","0.36%"
"12/29/2020","0.1647","0.1643","0.1651","0.1642","","0.30%"
"12/28/2020","0.1642","0.1640","0.1647","0.1637","","0.12%"
"12/25/2020","0.1640","0.1638","0.1640","0.1636","","0.12%"
"12/24/2020","0.1638","0.1638","0.1642","0.1637","","0.00%"
"12/23/2020","0.1638","0.1635","0.1643","0.1634","","0.18%"
"12/22/2020","0.1635","0.1646","0.1648","0.1634","","-0.61%"
"12/21/2020","0.1645","0.1647","0.1647","0.1630","","-0.12%"
"12/18/2020","0.1647","0.1648","0.1649","0.1643","","-0.12%"
"12/17/2020","0.1649","0.1639","0.1650","0.1638","","0.61%"
"12/16/2020","0.1639","0.1633","0.1641","0.1629","","0.37%"
"12/15/2020","0.1633","0.1631","0.1635","0.1629","","0.12%"
"12/14/2020","0.1631","0.1628","0.1636","0.1628","","0.18%"
"12/11/2020","0.1628","0.1631","0.1634","0.1627","","-0.12%"
"12/10/2020","0.1630","0.1623","0.1634","0.1622","","0.43%"
"12/09/2020","0.1623","0.1626","0.1632","0.1620","","-0.18%"
"12/08/2020","0.1626","0.1627","0.1630","0.1625","","0.00%"
"12/07/2020","0.1626","0.1629","0.1635","0.1622","","-0.18%"
"12/04/2020","0.1629","0.1631","0.1636","0.1627","","-0.12%"
"12/03/2020","0.1631","0.1628","0.1636","0.1626","","0.25%"
"12/02/2020","0.1627","0.1621","0.1628","0.1617","","0.37%"
"12/01/2020","0.1621","0.1602","0.1623","0.1602","","1.19%"
"11/30/2020","0.1602","0.1608","0.1613","0.1602","","-0.31%"
"11/27/2020","0.1607","0.1601","0.1608","0.1600","","0.44%"
"11/26/2020","0.1600","0.1601","0.1604","0.1597","","0.00%"
"11/25/2020","0.1600","0.1597","0.1603","0.1596","","0.13%"
"11/24/2020","0.1598","0.1591","0.1599","0.1590","","0.50%"
"11/23/2020","0.1590","0.1592","0.1599","0.1585","","-0.13%"
"11/20/2020","0.1592","0.1593","0.1596","0.1591","","-0.06%"
"11/19/2020","0.1593","0.1591","0.1595","0.1586","","0.19%"
"11/18/2020","0.1590","0.1593","0.1596","0.1590","","-0.13%"
"11/17/2020","0.1592","0.1592","0.1597","0.1590","","0.00%"
"11/16/2020","0.1592","0.1588","0.1594","0.1586","","0.25%"
"11/13/2020","0.1588","0.1585","0.1590","0.1585","","0.19%"
"11/12/2020","0.1585","0.1582","0.1588","0.1580","","0.19%"
"11/11/2020","0.1582","0.1586","0.1590","0.1577","","-0.25%"
"11/10/2020","0.1586","0.1586","0.1591","0.1582","","0.00%"
"11/09/2020","0.1586","0.1594","0.1601","0.1584","","-0.44%"
"11/06/2020","0.1593","0.1588","0.1596","0.1584","","0.31%"
"11/05/2020","0.1588","0.1575","0.1593","0.1573","","0.83%"
"11/04/2020","0.1575","0.1574","0.1581","0.1558","","0.13%"
"11/03/2020","0.1573","0.1563","0.1576","0.1563","","0.64%"
"11/02/2020","0.1563","0.1566","0.1566","0.1561","","-0.06%"
"10/30/2020","0.1564","0.1568","0.1572","0.1564","","-0.26%"
"10/29/2020","0.1568","0.1578","0.1579","0.1565","","-0.63%"
"10/28/2020","0.1578","0.1585","0.1585","0.1574","","-0.44%"
"10/27/2020","0.1585","0.1587","0.1591","0.1585","","-0.13%"
"10/26/2020","0.1587","0.1594","0.1594","0.1586","","-0.44%"
"10/23/2020","0.1594","0.1588","0.1594","0.1584","","0.38%"
"10/22/2020","0.1588","0.1594","0.1595","0.1587","","-0.31%"
"10/21/2020","0.1593","0.1588","0.1597","0.1588","","0.31%"
"10/20/2020","0.1588","0.1582","0.1591","0.1580","","0.44%"
"10/19/2020","0.1581","0.1574","0.1585","0.1573","","0.38%"
"10/16/2020","0.1575","0.1573","0.1578","0.1571","","0.13%"
"10/15/2020","0.1573","0.1578","0.1580","0.1570","","-0.25%"
"10/14/2020","0.1577","0.1578","0.1582","0.1575","","-0.06%"
"10/13/2020","0.1578","0.1587","0.1588","0.1576","","-0.57%"
"10/12/2020","0.1587","0.1589","0.1590","0.1584","","-0.19%"
"10/09/2020","0.1590","0.1580","0.1590","0.1579","","0.63%"
"10/08/2020","0.1580","0.1581","0.1583","0.1576","","0.00%"
"10/07/2020","0.1580","0.1577","0.1583","0.1576","","0.19%"
"10/06/2020","0.1577","0.1584","0.1587","0.1576","","-0.44%"
"10/05/2020","0.1584","0.1574","0.1586","0.1573","","0.64%"
"10/02/2020","0.1574","0.1578","0.1579","0.1571","","-0.25%"
"10/01/2020","0.1578","0.1574","0.1582","0.1574","","0.25%"
"09/30/2020","0.1574","0.1577","0.1579","0.1569","","-0.19%"
"09/29/2020","0.1577","0.1567","0.1578","0.1566","","0.64%"
"09/28/2020","0.1567","0.1562","0.1569","0.1560","","0.32%"
"09/25/2020","0.1562","0.1568","0.1570","0.1559","","-0.32%"
"09/24/2020","0.1567","0.1567","0.1570","0.1562","","0.00%"
"09/23/2020","0.1567","0.1574","0.1575","0.1566","","-0.38%"
"09/22/2020","0.1573","0.1582","0.1583","0.1571","","-0.57%"
"09/21/2020","0.1582","0.1592","0.1595","0.1577","","-0.57%"
"09/18/2020","0.1591","0.1593","0.1595","0.1590","","-0.06%"
"09/17/2020","0.1592","0.1588","0.1593","0.1578","","0.25%"
"09/16/2020","0.1588","0.1593","0.1597","0.1585","","-0.25%"
"09/15/2020","0.1592","0.1595","0.1600","0.1591","","-0.13%"
"09/14/2020","0.1594","0.1593","0.1598","0.1590","","0.13%"
"09/11/2020","0.1592","0.1588","0.1596","0.1587","","0.32%"
"09/10/2020","0.1587","0.1586","0.1602","0.1586","","0.06%"
"09/09/2020","0.1586","0.1583","0.1590","0.1579","","0.25%"
"09/08/2020","0.1582","0.1588","0.1590","0.1581","","-0.38%"
"09/07/2020","0.1588","0.1591","0.1593","0.1587","","-0.19%"
"09/04/2020","0.1591","0.1593","0.1595","0.1583","","-0.13%"
"09/03/2020","0.1593","0.1593","0.1594","0.1584","","0.00%"
"09/02/2020","0.1593","0.1600","0.1602","0.1588","","-0.44%"
"09/01/2020","0.1600","0.1604","0.1614","0.1599","","-0.19%"
"08/31/2020","0.1603","0.1600","0.1608","0.1596","","0.19%"
"08/28/2020","0.1600","0.1589","0.1601","0.1587","","0.76%"
"08/27/2020","0.1588","0.1590","0.1599","0.1581","","-0.06%"
"08/26/2020","0.1589","0.1590","0.1591","0.1582","","-0.06%"
"08/25/2020","0.1590","0.1584","0.1591","0.1583","","0.38%"
"08/24/2020","0.1584","0.1585","0.1592","0.1583","","0.00%"
"08/21/2020","0.1584","0.1593","0.1596","0.1578","","-0.56%"
"08/20/2020","0.1593","0.1590","0.1594","0.1585","","0.19%"
"08/19/2020","0.1590","0.1602","0.1605","0.1589","","-0.75%"
"08/18/2020","0.1602","0.1594","0.1607","0.1593","","0.50%"
"08/17/2020","0.1594","0.1590","0.1596","0.1588","","0.25%"
"08/14/2020","0.1590","0.1586","0.1591","0.1582","","0.25%"
"08/13/2020","0.1586","0.1583","0.1593","0.1582","","0.25%"
"08/12/2020","0.1582","0.1576","0.1587","0.1573","","0.38%"
"08/11/2020","0.1576","0.1576","0.1585","0.1575","","0.00%"
"08/10/2020","0.1576","0.1583","0.1584","0.1576","","-0.38%"
"08/07/2020","0.1582","0.1594","0.1595","0.1578","","-0.75%"
"08/06/2020","0.1594","0.1593","0.1599","0.1586","","0.13%"
"08/05/2020","0.1592","0.1584","0.1598","0.1583","","0.51%"
"08/04/2020","0.1584","0.1580","0.1586","0.1574","","0.32%"
"08/03/2020","0.1579","0.1582","0.1584","0.1571","","-0.13%"
"07/31/2020","0.1581","0.1592","0.1600","0.1579","","-0.63%"
"07/30/2020","0.1591","0.1585","0.1592","0.1576","","0.44%"
"07/29/2020","0.1584","0.1574","0.1586","0.1574","","0.64%"
"07/28/2020","0.1574","0.1579","0.1582","0.1572","","-0.32%"
"07/27/2020","0.1579","0.1566","0.1583","0.1564","","0.83%"
"07/24/2020","0.1566","0.1558","0.1567","0.1556","","0.51%"
"07/23/2020","0.1558","0.1555","0.1562","0.1550","","0.26%"
"07/22/2020","0.1554","0.1549","0.1558","0.1546","","0.32%"
"07/21/2020","0.1549","0.1537","0.1551","0.1534","","0.78%"
"07/20/2020","0.1537","0.1534","0.1540","0.1531","","0.13%"
"07/17/2020","0.1535","0.1529","0.1537","0.1528","","0.39%"
"07/16/2020","0.1529","0.1532","0.1537","0.1527","","-0.20%"
"07/15/2020","0.1532","0.1531","0.1538","0.1530","","0.07%"
"07/14/2020","0.1531","0.1524","0.1533","0.1521","","0.53%"
"07/13/2020","0.1523","0.1517","0.1528","0.1517","","0.40%"
"07/10/2020","0.1517","0.1515","0.1521","0.1511","","0.13%"
"07/09/2020","0.1515","0.1521","0.1526","0.1514","","-0.39%"
"07/08/2020","0.1521","0.1513","0.1524","0.1512","","0.53%"
"07/07/2020","0.1513","0.1518","0.1521","0.1511","","-0.33%"
"07/06/2020","0.1518","0.1510","0.1523","0.1509","","0.60%"
"07/03/2020","0.1509","0.1508","0.1510","0.1505","","0.07%"
"07/02/2020","0.1508","0.1510","0.1517","0.1506","","-0.13%"
"07/01/2020","0.1510","0.1507","0.1513","0.1501","","0.20%"
"06/30/2020","0.1507","0.1508","0.1511","0.1502","","-0.07%"
"06/29/2020","0.1508","0.1506","0.1515","0.1505","","0.20%"
"06/26/2020","0.1505","0.1505","0.1508","0.1502","","0.07%"
"06/25/2020","0.1504","0.1509","0.1511","0.1501","","-0.33%"
"06/24/2020","0.1509","0.1517","0.1520","0.1509","","-0.53%"
"06/23/2020","0.1517","0.1511","0.1523","0.1507","","0.46%"
"06/22/2020","0.1510","0.1499","0.1512","0.1498","","0.73%"
"06/19/2020","0.1499","0.1503","0.1509","0.1498","","-0.20%"
"06/18/2020","0.1502","0.1508","0.1511","0.1500","","-0.40%"
"06/17/2020","0.1508","0.1511","0.1515","0.1503","","-0.13%"
"06/16/2020","0.1510","0.1519","0.1523","0.1506","","-0.53%"
"06/15/2020","0.1518","0.1509","0.1520","0.1506","","0.53%"
"06/12/2020","0.1510","0.1515","0.1521","0.1504","","-0.40%"
"06/11/2020","0.1516","0.1526","0.1530","0.1514","","-0.59%"
"06/10/2020","0.1525","0.1521","0.1532","0.1519","","0.26%"
"06/09/2020","0.1521","0.1515","0.1524","0.1507","","0.40%"
"06/08/2020","0.1515","0.1514","0.1519","0.1511","","0.07%"
"06/05/2020","0.1514","0.1521","0.1527","0.1513","","-0.46%"
"06/04/2020","0.1521","0.1507","0.1524","0.1502","","0.93%"
"06/03/2020","0.1507","0.1498","0.1510","0.1498","","0.60%"
"06/02/2020","0.1498","0.1494","0.1502","0.1491","","0.33%"
"06/01/2020","0.1493","0.1489","0.1496","0.1489","","0.20%"
"05/29/2020","0.1490","0.1486","0.1495","0.1485","","0.27%"
"05/28/2020","0.1486","0.1476","0.1488","0.1474","","0.68%"
"05/27/2020","0.1476","0.1473","0.1479","0.1466","","0.27%"
"05/26/2020","0.1472","0.1462","0.1474","0.1461","","0.68%"
"05/25/2020","0.1462","0.1462","0.1464","0.1458","","0.00%"
"05/22/2020","0.1462","0.1468","0.1469","0.1460","","-0.41%"
"05/21/2020","0.1468","0.1472","0.1477","0.1467","","-0.27%"
"05/20/2020","0.1472","0.1465","0.1475","0.1464","","0.48%"
"05/19/2020","0.1465","0.1464","0.1472","0.1462","","0.14%"
"05/18/2020","0.1463","0.1452","0.1465","0.1449","","0.83%"
"05/15/2020","0.1451","0.1449","0.1455","0.1447","","0.14%"
"05/14/2020","0.1449","0.1451","0.1452","0.1445","","-0.07%"
"05/13/2020","0.1450","0.1455","0.1461","0.1450","","-0.34%"
"05/12/2020","0.1455","0.1449","0.1460","0.1446","","0.41%"
"05/11/2020","0.1449","0.1453","0.1455","0.1448","","-0.28%"
"05/08/2020","0.1453","0.1452","0.1458","0.1450","","0.07%"
"05/07/2020","0.1452","0.1447","0.1452","0.1443","","0.35%"
"05/06/2020","0.1447","0.1452","0.1453","0.1445","","-0.34%"
"05/05/2020","0.1452","0.1462","0.1464","0.1451","","-0.68%"
"05/04/2020","0.1462","0.1471","0.1472","0.1460","","-0.61%"
"05/01/2020","0.1471","0.1468","0.1477","0.1465","","0.20%"
"04/30/2020","0.1468","0.1458","0.1471","0.1452","","0.69%"
"04/29/2020","0.1458","0.1451","0.1460","0.1451","","0.48%"
"04/28/2020","0.1451","0.1452","0.1460","0.1450","","-0.07%"
"04/27/2020","0.1452","0.1451","0.1456","0.1450","","0.07%"
"04/24/2020","0.1451","0.1445","0.1452","0.1438","","0.42%"
"04/23/2020","0.1445","0.1451","0.1454","0.1442","","-0.41%"
"04/22/2020","0.1451","0.1456","0.1460","0.1449","","-0.34%"
"04/21/2020","0.1456","0.1457","0.1459","0.1450","","-0.07%"
"04/20/2020","0.1457","0.1458","0.1461","0.1453","","-0.07%"
"04/17/2020","0.1458","0.1453","0.1460","0.1449","","0.34%"
"04/16/2020","0.1453","0.1462","0.1462","0.1450","","-0.62%"
"04/15/2020","0.1462","0.1471","0.1473","0.1455","","-0.61%"
"04/14/2020","0.1471","0.1461","0.1472","0.1461","","0.68%"
"04/13/2020","0.1461","0.1465","0.1470","0.1459","","-0.27%"
"04/10/2020","0.1465","0.1464","0.1468","0.1463","","0.07%"
"04/09/2020","0.1464","0.1454","0.1467","0.1452","","0.69%"
"04/08/2020","0.1454","0.1459","0.1461","0.1451","","-0.34%"
"04/07/2020","0.1459","0.1445","0.1463","0.1444","","0.97%"
"04/06/2020","0.1445","0.1447","0.1451","0.1442","","-0.14%"
"04/03/2020","0.1447","0.1454","0.1454","0.1442","","-0.48%"
"04/02/2020","0.1454","0.1469","0.1470","0.1449","","-1.02%"
"04/01/2020","0.1469","0.1478","0.1479","0.1461","","-0.61%"
"03/31/2020","0.1478","0.1479","0.1480","0.1463","","-0.07%"
"03/30/2020","0.1479","0.1491","0.1494","0.1474","","-0.87%"
"03/27/2020","0.1492","0.1478","0.1494","0.1468","","0.95%"
"03/26/2020","0.1478","0.1457","0.1482","0.1455","","1.44%"
"03/25/2020","0.1457","0.1445","0.1459","0.1441","","0.83%"
"03/24/2020","0.1445","0.1436","0.1458","0.1435","","0.63%"
"03/23/2020","0.1436","0.1432","0.1449","0.1424","","0.28%"
"03/20/2020","0.1432","0.1431","0.1449","0.1425","","0.14%"
"03/19/2020","0.1430","0.1461","0.1469","0.1426","","-2.05%"
"03/18/2020","0.1460","0.1472","0.1478","0.1445","","-0.75%"
"03/17/2020","0.1471","0.1496","0.1498","0.1466","","-1.67%"
"03/16/2020","0.1496","0.1478","0.1504","0.1478","","0.67%"
"03/13/2020","0.1486","0.1496","0.1502","0.1479","","-0.67%"
"03/12/2020","0.1496","0.1508","0.1517","0.1479","","-0.80%"
"03/11/2020","0.1508","0.1509","0.1521","0.1506","","-0.07%"
"03/10/2020","0.1509","0.1532","0.1534","0.1509","","-1.50%"
"03/09/2020","0.1532","0.1511","0.1538","0.1511","","1.39%"
"03/06/2020","0.1511","0.1505","0.1520","0.1501","","0.47%"
"03/05/2020","0.1504","0.1490","0.1505","0.1488","","0.94%"
"03/04/2020","0.1490","0.1495","0.1497","0.1485","","-0.33%"
"03/03/2020","0.1495","0.1490","0.1500","0.1485","","0.34%"
"03/02/2020","0.1490","0.1473","0.1497","0.1472","","0.95%"
"02/28/2020","0.1476","0.1472","0.1479","0.1465","","0.27%"
"02/27/2020","0.1472","0.1456","0.1473","0.1456","","1.10%"
"02/26/2020","0.1456","0.1456","0.1460","0.1453","","0.00%"
"02/25/2020","0.1456","0.1453","0.1458","0.1450","","0.21%"
"02/24/2020","0.1453","0.1452","0.1455","0.1447","","0.07%"
"02/21/2020","0.1452","0.1444","0.1454","0.1444","","0.55%"
"02/20/2020","0.1444","0.1447","0.1449","0.1443","","-0.21%"
"02/19/2020","0.1447","0.1445","0.1448","0.1444","","0.14%"
"02/18/2020","0.1445","0.1451","0.1451","0.1444","","-0.34%"
"02/17/2020","0.1450","0.1450","0.1452","0.1449","","0.00%"
"02/14/2020","0.1450","0.1451","0.1454","0.1449","","-0.07%"
"02/13/2020","0.1451","0.1455","0.1457","0.1450","","-0.27%"
"02/12/2020","0.1455","0.1461","0.1462","0.1454","","-0.41%"
"02/11/2020","0.1461","0.1460","0.1462","0.1458","","0.07%"
"02/10/2020","0.1460","0.1465","0.1467","0.1460","","-0.34%"
"02/07/2020","0.1465","0.1470","0.1470","0.1464","","-0.34%"
"02/06/2020","0.1470","0.1472","0.1474","0.1467","","-0.14%"
"02/05/2020","0.1472","0.1478","0.1479","0.1471","","-0.41%"
"02/04/2020","0.1478","0.1480","0.1481","0.1476","","-0.14%"
"02/03/2020","0.1480","0.1485","0.1485","0.1477","","-0.27%"
"01/31/2020","0.1484","0.1476","0.1485","0.1474","","0.54%"
"01/30/2020","0.1476","0.1473","0.1477","0.1473","","0.20%"
"01/29/2020","0.1473","0.1475","0.1476","0.1471","","-0.14%"
"01/28/2020","0.1475","0.1475","0.1476","0.1471","","0.07%"
"01/27/2020","0.1474","0.1475","0.1477","0.1473","","-0.07%"
"01/24/2020","0.1475","0.1479","0.1480","0.1475","","-0.27%"
"01/23/2020","0.1479","0.1484","0.1487","0.1477","","-0.34%"
"01/22/2020","0.1484","0.1483","0.1485","0.1481","","0.07%"
"01/21/2020","0.1483","0.1485","0.1488","0.1483","","-0.13%"
"01/20/2020","0.1485","0.1485","0.1486","0.1482","","0.07%"
"01/17/2020","0.1484","0.1490","0.1491","0.1484","","-0.40%"
"01/16/2020","0.1490","0.1492","0.1495","0.1489","","-0.13%"
"01/15/2020","0.1492","0.1489","0.1494","0.1488","","0.20%"
"01/14/2020","0.1489","0.1490","0.1491","0.1486","","-0.07%"
"01/13/2020","0.1490","0.1488","0.1492","0.1487","","0.13%"
"01/10/2020","0.1488","0.1486","0.1489","0.1483","","0.13%"
"01/09/2020","0.1486","0.1486","0.1488","0.1485","","0.00%"
"01/08/2020","0.1486","0.1493","0.1495","0.1486","","-0.40%"
"01/07/2020","0.1492","0.1498","0.1498","0.1490","","-0.40%"
"01/06/2020","0.1498","0.1494","0.1499","0.1493","","0.33%"
"01/03/2020","0.1493","0.1495","0.1496","0.1488","","-0.13%"
"01/02/2020","0.1495","0.1501","0.1503","0.1494","","-0.40%"
"01/01/2020","0.1501","0.1501","0.1502","0.1500","","0.00%"
"12/31/2019","0.1501","0.1499","0.1505","0.1498","","0.13%"
"12/30/2019","0.1499","0.1496","0.1502","0.1496","","0.20%"
"12/27/2019","0.1496","0.1485","0.1498","0.1485","","0.74%"
"12/26/2019","0.1485","0.1485","0.1487","0.1483","","0.07%"
"12/25/2019","0.1484","0.1484","0.1486","0.1482","","0.00%"
"12/24/2019","0.1484","0.1485","0.1485","0.1481","","0.00%"
"12/23/2019","0.1484","0.1483","0.1486","0.1481","","0.13%"
"12/20/2019","0.1482","0.1488","0.1489","0.1481","","-0.40%"
"12/19/2019","0.1488","0.1487","0.1491","0.1486","","0.07%"
"12/18/2019","0.1487","0.1492","0.1493","0.1487","","-0.34%"
"12/17/2019","0.1492","0.1491","0.1495","0.1489","","0.07%"
"12/16/2019","0.1491","0.1488","0.1493","0.1488","","0.20%"
"12/13/2019","0.1488","0.1489","0.1499","0.1487","","-0.07%"
"12/12/2019","0.1489","0.1489","0.1493","0.1486","","0.00%"
"12/11/2019","0.1489","0.1484","0.1491","0.1481","","0.34%"
"12/10/2019","0.1484","0.1481","0.1485","0.1480","","0.27%"
"12/09/2019","0.1480","0.1480","0.1482","0.1479","","0.00%"
"12/06/2019","0.1480","0.1486","0.1487","0.1478","","-0.40%"
"12/05/2019","0.1486","0.1483","0.1487","0.1482","","0.20%"
"12/04/2019","0.1483","0.1483","0.1488","0.1481","","0.00%"
"12/03/2019","0.1483","0.1483","0.1485","0.1481","","0.00%"
"12/02/2019","0.1483","0.1474","0.1484","0.1473","","0.54%"
"11/29/2019","0.1475","0.1473","0.1476","0.1470","","0.14%"
"11/28/2019","0.1473","0.1472","0.1475","0.1472","","0.07%"
"11/27/2019","0.1472","0.1475","0.1476","0.1471","","-0.20%"
"11/26/2019","0.1475","0.1474","0.1476","0.1473","","0.07%"
"11/25/2019","0.1474","0.1475","0.1477","0.1472","","-0.07%"
"11/22/2019","0.1475","0.1480","0.1484","0.1474","","-0.34%"
"11/21/2019","0.1480","0.1482","0.1485","0.1479","","-0.13%"
"11/20/2019","0.1482","0.1482","0.1483","0.1479","","0.00%"
"11/19/2019","0.1482","0.1482","0.1483","0.1480","","0.00%"
"11/18/2019","0.1482","0.1479","0.1484","0.1479","","0.20%"
"11/15/2019","0.1479","0.1475","0.1480","0.1474","","0.27%"
"11/14/2019","0.1475","0.1473","0.1476","0.1471","","0.14%"
"11/13/2019","0.1473","0.1473","0.1475","0.1471","","0.00%"
"11/12/2019","0.1473","0.1477","0.1477","0.1472","","-0.20%"
"11/11/2019","0.1476","0.1475","0.1478","0.1474","","0.07%"
"11/08/2019","0.1475","0.1479","0.1479","0.1474","","-0.27%"
"11/07/2019","0.1479","0.1481","0.1485","0.1477","","-0.14%"
"11/06/2019","0.1481","0.1482","0.1485","0.1481","","-0.07%"
"11/05/2019","0.1482","0.1489","0.1491","0.1480","","-0.47%"
"11/04/2019","0.1489","0.1495","0.1496","0.1489","","-0.33%"
"11/01/2019","0.1494","0.1493","0.1496","0.1489","","0.07%"
"10/31/2019","0.1493","0.1493","0.1496","0.1490","","0.07%"
"10/30/2019","0.1492","0.1488","0.1493","0.1483","","0.34%"
"10/29/2019","0.1487","0.1486","0.1488","0.1482","","0.07%"
"10/28/2019","0.1486","0.1484","0.1487","0.1483","","0.20%"
"10/25/2019","0.1483","0.1486","0.1489","0.1482","","-0.20%"
"10/24/2019","0.1486","0.1490","0.1494","0.1485","","-0.27%"
"10/23/2019","0.1490","0.1489","0.1491","0.1487","","0.07%"
"10/22/2019","0.1489","0.1493","0.1494","0.1488","","-0.20%"
"10/21/2019","0.1492","0.1492","0.1496","0.1491","","-0.20%"
"10/18/2019","0.1495","0.1489","0.1496","0.1488","","0.40%"
"10/17/2019","0.1489","0.1482","0.1491","0.1481","","0.47%"
"10/16/2019","0.1482","0.1477","0.1484","0.1475","","0.34%"
"10/15/2019","0.1477","0.1477","0.1479","0.1471","","0.07%"
"10/14/2019","0.1476","0.1478","0.1479","0.1475","","-0.14%"
"10/11/2019","0.1478","0.1474","0.1481","0.1473","","0.27%"
"10/10/2019","0.1474","0.1469","0.1478","0.1469","","0.34%"
"10/09/2019","0.1469","0.1467","0.1471","0.1466","","0.14%"
"10/08/2019","0.1467","0.1469","0.1472","0.1465","","-0.14%"
"10/07/2019","0.1469","0.1470","0.1473","0.1468","","-0.07%"
"10/04/2019","0.1470","0.1469","0.1472","0.1468","","0.14%"
"10/03/2019","0.1468","0.1468","0.1473","0.1465","","0.00%"
"10/02/2019","0.1468","0.1464","0.1469","0.1461","","0.27%"
"10/01/2019","0.1464","0.1460","0.1466","0.1457","","0.27%"
"09/30/2019","0.1460","0.1465","0.1467","0.1458","","-0.34%"
"09/27/2019","0.1465","0.1463","0.1468","0.1460","","0.21%"
"09/26/2019","0.1462","0.1466","0.1469","0.1461","","-0.27%"
"09/25/2019","0.1466","0.1476","0.1477","0.1465","","-0.68%"
"09/24/2019","0.1476","0.1472","0.1477","0.1471","","0.27%"
"09/23/2019","0.1472","0.1475","0.1477","0.1469","","-0.20%"
"09/20/2019","0.1475","0.1479","0.1482","0.1472","","-0.27%"
"09/19/2019","0.1479","0.1477","0.1483","0.1476","","0.14%"
"09/18/2019","0.1477","0.1483","0.1483","0.1475","","-0.40%"
"09/17/2019","0.1483","0.1473","0.1483","0.1472","","0.68%"
"09/16/2019","0.1473","0.1483","0.1485","0.1472","","-0.67%"
"09/13/2019","0.1483","0.1482","0.1488","0.1481","","0.07%"
"09/12/2019","0.1482","0.1476","0.1486","0.1464","","0.41%"
"09/11/2019","0.1476","0.1480","0.1482","0.1472","","-0.27%"
"09/10/2019","0.1480","0.1481","0.1483","0.1478","","-0.07%"
"09/09/2019","0.1481","0.1478","0.1484","0.1476","","0.20%"
"09/06/2019","0.1478","0.1479","0.1482","0.1477","","-0.07%"
"09/05/2019","0.1479","0.1479","0.1486","0.1477","","0.00%"
"09/04/2019","0.1479","0.1471","0.1480","0.1470","","0.48%"
"09/03/2019","0.1472","0.1471","0.1472","0.1465","","0.07%"
"09/02/2019","0.1471","0.1474","0.1475","0.1470","","-0.20%"
"08/30/2019","0.1474","0.1483","0.1484","0.1470","","-0.61%"
"08/29/2019","0.1483","0.1486","0.1488","0.1481","","-0.13%"
"08/28/2019","0.1485","0.1487","0.1488","0.1485","","-0.13%"
"08/27/2019","0.1487","0.1489","0.1491","0.1487","","-0.13%"
"08/26/2019","0.1489","0.1495","0.1497","0.1488","","-0.33%"
"08/23/2019","0.1494","0.1486","0.1496","0.1482","","0.54%"
"08/22/2019","0.1486","0.1487","0.1490","0.1484","","-0.07%"
"08/21/2019","0.1487","0.1489","0.1490","0.1486","","-0.13%"
"08/20/2019","0.1489","0.1486","0.1490","0.1484","","0.27%"
"08/19/2019","0.1485","0.1488","0.1490","0.1485","","-0.13%"
"08/16/2019","0.1487","0.1489","0.1490","0.1484","","-0.13%"
"08/15/2019","0.1489","0.1493","0.1496","0.1487","","-0.27%"
"08/14/2019","0.1493","0.1496","0.1500","0.1492","","-0.27%"
"08/13/2019","0.1497","0.1502","0.1505","0.1496","","-0.33%"
"08/12/2019","0.1502","0.1501","0.1505","0.1496","","0.07%"
"08/09/2019","0.1501","0.1498","0.1504","0.1498","","0.20%"
"08/08/2019","0.1498","0.1501","0.1505","0.1498","","-0.20%"
"08/07/2019","0.1501","0.1500","0.1506","0.1498","","0.07%"
"08/06/2019","0.1500","0.1501","0.1507","0.1496","","-0.07%"
"08/05/2019","0.1501","0.1488","0.1502","0.1487","","0.87%"
"08/02/2019","0.1488","0.1485","0.1489","0.1482","","0.27%"
"08/01/2019","0.1484","0.1483","0.1486","0.1477","","0.07%"
"07/31/2019","0.1483","0.1494","0.1495","0.1481","","-0.74%"
"07/30/2019","0.1494","0.1493","0.1495","0.1491","","0.13%"
"07/29/2019","0.1492","0.1490","0.1494","0.1488","","0.13%"
"07/26/2019","0.1490","0.1493","0.1494","0.1488","","-0.20%"
"07/25/2019","0.1493","0.1492","0.1498","0.1487","","0.07%"
"07/24/2019","0.1492","0.1494","0.1495","0.1490","","-0.13%"
"07/23/2019","0.1494","0.1502","0.1502","0.1493","","-0.47%"
"07/22/2019","0.1501","0.1503","0.1504","0.1501","","-0.13%"
"07/19/2019","0.1503","0.1510","0.1511","0.1501","","-0.46%"
"07/18/2019","0.1510","0.1503","0.1511","0.1500","","0.47%"
"07/17/2019","0.1503","0.1501","0.1505","0.1500","","0.13%"
"07/16/2019","0.1501","0.1507","0.1508","0.1500","","-0.46%"
"07/15/2019","0.1508","0.1509","0.1512","0.1507","","-0.07%"
"07/12/2019","0.1509","0.1507","0.1510","0.1505","","0.13%"
"07/11/2019","0.1507","0.1507","0.1512","0.1506","","0.00%"
"07/10/2019","0.1507","0.1502","0.1509","0.1500","","0.33%"
"07/09/2019","0.1502","0.1503","0.1504","0.1500","","-0.07%"
"07/08/2019","0.1503","0.1504","0.1505","0.1502","","-0.07%"
"07/05/2019","0.1504","0.1512","0.1513","0.1502","","-0.53%"
"07/04/2019","0.1512","0.1512","0.1514","0.1511","","0.07%"
"07/03/2019","0.1511","0.1512","0.1515","0.1509","","-0.07%"
"07/02/2019","0.1512","0.1512","0.1516","0.1511","","0.00%"
"07/01/2019","0.1512","0.1523","0.1523","0.1511","","-0.72%"
"06/28/2019","0.1523","0.1523","0.1526","0.1521","","0.00%"
"06/27/2019","0.1523","0.1523","0.1525","0.1520","","0.00%"
"06/26/2019","0.1523","0.1523","0.1526","0.1520","","0.07%"
"06/25/2019","0.1522","0.1526","0.1529","0.1520","","-0.33%"
"06/24/2019","0.1527","0.1522","0.1527","0.1522","","0.26%"
"06/21/2019","0.1523","0.1513","0.1524","0.1511","","0.73%"
"06/20/2019","0.1512","0.1504","0.1515","0.1503","","0.60%"
"06/19/2019","0.1503","0.1499","0.1507","0.1498","","0.27%"
"06/18/2019","0.1499","0.1502","0.1506","0.1497","","-0.20%"
"06/17/2019","0.1502","0.1502","0.1506","0.1500","","0.07%"
"06/14/2019","0.1501","0.1510","0.1512","0.1500","","-0.60%"
"06/13/2019","0.1510","0.1512","0.1514","0.1509","","-0.07%"
"06/12/2019","0.1511","0.1517","0.1519","0.1511","","-0.33%"
"06/11/2019","0.1516","0.1514","0.1518","0.1513","","0.13%"
"06/10/2019","0.1514","0.1515","0.1517","0.1512","","-0.26%"
"06/07/2019","0.1518","0.1510","0.1520","0.1506","","0.53%"
"06/06/2019","0.1510","0.1502","0.1514","0.1502","","0.53%"
"06/05/2019","0.1502","0.1506","0.1514","0.1502","","-0.27%"
"06/04/2019","0.1506","0.1505","0.1510","0.1504","","0.07%"
"06/03/2019","0.1505","0.1496","0.1508","0.1495","","0.60%"
"05/31/2019","0.1496","0.1490","0.1497","0.1489","","0.40%"
"05/30/2019","0.1490","0.1491","0.1492","0.1488","","-0.07%"
"05/29/2019","0.1491","0.1495","0.1496","0.1490","","-0.27%"
"05/28/2019","0.1495","0.1498","0.1500","0.1495","","-0.27%"
"05/27/2019","0.1499","0.1499","0.1502","0.1497","","-0.07%"
"05/24/2019","0.1500","0.1497","0.1502","0.1496","","0.20%"
"05/23/2019","0.1497","0.1493","0.1498","0.1487","","0.27%"
"05/22/2019","0.1493","0.1494","0.1497","0.1493","","-0.07%"
"05/21/2019","0.1494","0.1495","0.1498","0.1492","","-0.07%"
"05/20/2019","0.1495","0.1494","0.1496","0.1493","","0.07%"
"05/17/2019","0.1494","0.1496","0.1497","0.1494","","-0.13%"
"05/16/2019","0.1496","0.1500","0.1503","0.1495","","-0.27%"
"05/15/2019","0.1500","0.1500","0.1503","0.1497","","0.00%"
"05/14/2019","0.1500","0.1503","0.1506","0.1499","","-0.13%"
"05/13/2019","0.1502","0.1505","0.1508","0.1503","","-0.20%"
"05/10/2019","0.1505","0.1502","0.1507","0.1502","","0.20%"
"05/09/2019","0.1502","0.1499","0.1507","0.1496","","0.20%"
"05/08/2019","0.1499","0.1499","0.1502","0.1498","","0.00%"
"05/07/2019","0.1499","0.1500","0.1503","0.1496","","-0.07%"
"05/06/2019","0.1500","0.1495","0.1502","0.1495","","0.00%"
"05/03/2019","0.1500","0.1496","0.1501","0.1491","","0.27%"
"05/02/2019","0.1496","0.1500","0.1503","0.1496","","-0.27%"
"05/01/2019","0.1500","0.1502","0.1509","0.1498","","-0.13%"
"04/30/2019","0.1502","0.1498","0.1504","0.1496","","0.27%"
"04/29/2019","0.1498","0.1495","0.1498","0.1493","","0.33%"
"04/26/2019","0.1493","0.1491","0.1497","0.1488","","0.13%"
"04/25/2019","0.1491","0.1494","0.1495","0.1489","","-0.20%"
"04/24/2019","0.1494","0.1504","0.1504","0.1492","","-0.66%"
"04/23/2019","0.1504","0.1507","0.1508","0.1499","","-0.27%"
"04/22/2019","0.1508","0.1506","0.1508","0.1505","","0.13%"
"04/19/2019","0.1506","0.1504","0.1506","0.1504","","0.13%"
"04/18/2019","0.1504","0.1513","0.1514","0.1504","","-0.59%"
"04/17/2019","0.1513","0.1512","0.1517","0.1511","","0.07%"
"04/16/2019","0.1512","0.1514","0.1516","0.1512","","-0.13%"
"04/15/2019","0.1514","0.1514","0.1517","0.1513","","0.00%"
"04/12/2019","0.1514","0.1507","0.1517","0.1507","","0.46%"
"04/11/2019","0.1507","0.1510","0.1512","0.1507","","-0.20%"
"04/10/2019","0.1510","0.1508","0.1512","0.1504","","0.13%"
"04/09/2019","0.1508","0.1508","0.1512","0.1507","","0.00%"
"04/08/2019","0.1508","0.1503","0.1511","0.1502","","0.40%"
"04/05/2019","0.1502","0.1503","0.1506","0.1502","","-0.07%"
"04/04/2019","0.1503","0.1505","0.1507","0.1501","","-0.13%"
"04/03/2019","0.1505","0.1501","0.1508","0.1500","","0.27%"
"04/02/2019","0.1501","0.1502","0.1502","0.1498","","-0.07%"
"04/01/2019","0.1502","0.1503","0.1507","0.1500","","-0.07%"
"03/29/2019","0.1503","0.1503","0.1507","0.1502","","0.00%"
"03/28/2019","0.1503","0.1506","0.1508","0.1502","","-0.20%"
"03/27/2019","0.1506","0.1509","0.1512","0.1505","","-0.20%"
"03/26/2019","0.1509","0.1515","0.1517","0.1508","","-0.46%"
"03/25/2019","0.1516","0.1514","0.1518","0.1513","","0.13%"
"03/22/2019","0.1514","0.1524","0.1526","0.1511","","-0.66%"
"03/21/2019","0.1524","0.1530","0.1533","0.1520","","-0.33%"
"03/20/2019","0.1529","0.1521","0.1534","0.1519","","0.53%"
"03/19/2019","0.1521","0.1519","0.1523","0.1519","","0.13%"
"03/18/2019","0.1519","0.1517","0.1522","0.1516","","0.13%"
"03/15/2019","0.1517","0.1515","0.1520","0.1514","","0.13%"
"03/14/2019","0.1515","0.1518","0.1520","0.1514","","-0.20%"
"03/13/2019","0.1518","0.1513","0.1520","0.1512","","0.33%"
"03/12/2019","0.1513","0.1507","0.1515","0.1507","","0.40%"
"03/11/2019","0.1507","0.1506","0.1509","0.1504","","0.07%"
"03/08/2019","0.1506","0.1500","0.1507","0.1499","","0.40%"
"03/07/2019","0.1500","0.1515","0.1517","0.1498","","-0.99%"
"03/06/2019","0.1515","0.1515","0.1518","0.1513","","0.00%"
"03/05/2019","0.1515","0.1520","0.1520","0.1514","","-0.33%"
"03/04/2019","0.1520","0.1526","0.1526","0.1516","","-0.20%"
"03/01/2019","0.1523","0.1524","0.1529","0.1521","","-0.07%"
"02/28/2019","0.1524","0.1524","0.1530","0.1522","","0.00%"
"02/27/2019","0.1524","0.1526","0.1528","0.1523","","-0.13%"
"02/26/2019","0.1526","0.1522","0.1528","0.1520","","0.26%"
"02/25/2019","0.1522","0.1519","0.1523","0.1518","","0.20%"
"02/22/2019","0.1519","0.1519","0.1522","0.1516","","0.00%"
"02/21/2019","0.1519","0.1519","0.1523","0.1517","","-0.07%"
"02/20/2019","0.1520","0.1520","0.1525","0.1517","","0.00%"
"02/19/2019","0.1520","0.1516","0.1522","0.1511","","0.26%"
"02/18/2019","0.1516","0.1513","0.1519","0.1512","","0.07%"
"02/15/2019","0.1515","0.1515","0.1515","0.1505","","0.07%"
"02/14/2019","0.1514","0.1509","0.1516","0.1507","","0.33%"
"02/13/2019","0.1509","0.1518","0.1520","0.1509","","-0.53%"
"02/12/2019","0.1517","0.1512","0.1520","0.1509","","0.40%"
"02/11/2019","0.1511","0.1517","0.1518","0.1509","","-0.40%"
"02/08/2019","0.1517","0.1519","0.1521","0.1516","","-0.20%"
"02/07/2019","0.1520","0.1522","0.1524","0.1517","","-0.13%"
"02/06/2019","0.1522","0.1528","0.1528","0.1522","","-0.39%"
"02/05/2019","0.1528","0.1532","0.1532","0.1527","","-0.26%"
"02/04/2019","0.1532","0.1534","0.1535","0.1530","","-0.20%"
"02/01/2019","0.1535","0.1533","0.1540","0.1532","","0.13%"
"01/31/2019","0.1533","0.1538","0.1542","0.1531","","-0.33%"
"01/30/2019","0.1538","0.1531","0.1541","0.1528","","0.39%"
"01/29/2019","0.1532","0.1532","0.1535","0.1529","","0.07%"
"01/28/2019","0.1531","0.1528","0.1533","0.1525","","0.20%"
"01/25/2019","0.1528","0.1514","0.1529","0.1513","","0.92%"
"01/24/2019","0.1514","0.1524","0.1526","0.1512","","-0.66%"
"01/23/2019","0.1524","0.1521","0.1526","0.1520","","0.20%"
"01/22/2019","0.1521","0.1522","0.1523","0.1518","","-0.07%"
"01/21/2019","0.1522","0.1522","0.1526","0.1521","","0.00%"
"01/18/2019","0.1522","0.1526","0.1528","0.1521","","-0.26%"
"01/17/2019","0.1526","0.1526","0.1528","0.1523","","0.00%"
"01/16/2019","0.1526","0.1529","0.1531","0.1524","","-0.20%"
"01/15/2019","0.1529","0.1536","0.1539","0.1525","","-0.52%"
"01/14/2019","0.1537","0.1537","0.1538","0.1535","","0.07%"
"01/11/2019","0.1536","0.1540","0.1546","0.1535","","-0.26%"
"01/10/2019","0.1540","0.1547","0.1550","0.1538","","-0.39%"
"01/09/2019","0.1546","0.1532","0.1548","0.1531","","0.91%"
"01/08/2019","0.1532","0.1536","0.1538","0.1530","","-0.33%"
"01/07/2019","0.1537","0.1527","0.1538","0.1525","","0.72%"
"01/04/2019","0.1526","0.1526","0.1529","0.1519","","0.00%"
"01/03/2019","0.1526","0.1519","0.1528","0.1514","","0.46%"
"01/02/2019","0.1519","0.1535","0.1540","0.1516","","-1.04%"
"01/01/2019","0.1535","0.1537","0.1537","0.1530","","-0.07%"